iso3,country,year,voice_accountability,political_stability,government_effectiveness,regulatory_quality,rule_of_law,control_of_corruption
AFG,Afghanistan,2024,19.2473331,28.2258568,13.7358099,30.5994864,23.6535886,21.3643608
ALB,Albania,2024,56.6319145,66.243999,57.4136957,57.0035209,54.925199,39.3379974
DZA,Algeria,2024,38.4995232,54.0467968,46.4563079,42.9924826,44.9726847,35.843598
ASM,American Samoa,2024,73.1366618,87.2981254,66.2614695,61.0412254,75.6655388,71.6636167
AND,Andorra,2024,70.6628443,92.2648945,73.8768133,72.2449856,81.2301636,71.6636167
AGO,Angola,2024,38.3159728,56.0964488,36.0732109,42.6711683,36.8326485,35.2528671
ATG,Antigua and Barbuda,2024,65.8065494,84.2254939,59.7008199,64.8713859,67.3216504,53.6112689
ARG,Argentina,2024,63.597359,62.9948599,54.9132764,51.156098,52.6382821,41.2619998
ARM,Armenia,2024,58.9527725,53.5393178,44.2622836,57.0391218,54.5140043,50.7833909
ABW,Aruba,2024,73.6108253,88.6165004,64.1110309,70.3329342,77.9628011,65.4406362
AUS,Australia,2024,83.3187821,79.4447025,86.5155896,82.026233,82.2713526,85.3425462
AUT,Austria,2024,81.4482368,74.2916722,80.788653,76.1709511,85.839794,74.0564191
AZE,Azerbaijan,2024,30.5213111,63.4960375,54.5704861,56.9902493,48.6111324,32.1660634
BHS,"Bahamas, The",2024,66.5292727,83.8182788,65.1320947,53.1711824,61.2845195,72.7942056
BHR,Bahrain,2024,33.7202025,61.18214,63.0118001,69.8494802,59.8550294,52.9975172
BGD,Bangladesh,2024,36.5322872,40.9048506,39.305124,39.8788257,40.4414129,25.5454805
BRB,Barbados,2024,74.2460133,87.6259794,63.0957497,61.8101531,69.4902317,72.6663418
BLR,Belarus,2024,27.2627222,59.4495003,37.6995982,35.4281591,35.7852241,36.1526013
BEL,Belgium,2024,83.0542039,67.9689981,74.5710173,74.4753152,79.0425834,77.5852129
BLZ,Belize,2024,58.6688121,79.2986992,48.8303528,47.7644224,50.1294796,44.6078242
BEN,Benin,2024,50.1899746,59.0103392,47.7351469,50.4899699,49.8656515,42.9823784
BMU,Bermuda,2024,,82.483526,80.0326675,64.7758095,70.7350905,71.6636167
BTN,Bhutan,2024,63.8688856,89.0248497,62.6342595,53.4229511,70.5657526,77.655202
BOL,Bolivia,2024,49.1522731,56.5672297,39.4715143,35.0786424,35.1463232,27.6622228
BIH,Bosnia and Herzegovina,2024,49.9313526,57.3354627,38.9873757,49.3451777,51.4721898,37.4735881
BWA,Botswana,2024,62.0171118,83.5276303,59.4464824,61.2018557,62.335899,60.6300979
BRA,Brazil,2024,62.3883763,57.0022212,46.9849597,50.2174997,49.2849848,39.5782583
BRN,Brunei Darussalam,2024,42.8484471,86.4388526,67.5801007,68.85143,67.0778539,71.8648783
BGR,Bulgaria,2024,60.5840325,66.5764069,52.1730773,59.4055004,56.3908659,42.9964948
BFA,Burkina Faso,2024,39.9684808,33.3312021,34.3295393,46.5739404,41.7528823,42.7426883
BDI,Burundi,2024,30.7338088,42.3840199,31.7781047,42.0271013,34.5421294,18.251816
CPV,Cabo Verde,2024,70.6950996,79.040094,59.4135423,55.5747674,64.2655079,66.8974053
KHM,Cambodia,2024,27.6085959,68.0880671,45.6336334,44.9051569,38.7857123,22.8998654
CMR,Cameroon,2024,35.1152314,39.3016895,35.769927,43.3706071,35.3872816,23.0734123
CAN,Canada,2024,83.1660553,76.1173365,85.5449383,76.3468072,82.1066204,80.8871678
CYM,Cayman Islands,2024,73.6108253,90.8470192,74.3670612,71.8158452,71.25189,60.0904465
CAF,Central African Republic,2024,33.8988207,34.5847268,20.6860087,34.8637158,27.4518394,21.3390083
TCD,Chad,2024,30.267189,35.5073843,29.9423228,37.7058267,32.1012472,19.7006119
CHL,Chile,2024,74.2500039,67.9673582,70.0934775,67.1756362,68.8582581,70.2378516
CHN,China,2024,27.9142454,63.2751622,68.7581244,53.7384426,46.9942092,49.649869
COL,Colombia,2024,57.4541954,49.3103253,49.1802654,55.0740059,47.3311328,41.90949
COM,Comoros,2024,35.1817444,62.1146741,27.8404845,35.1704573,37.5018196,24.7636371
COD,"Congo, Dem. Rep.",2024,35.6079912,29.6954723,18.413102,34.598948300000004,28.9696892,17.1820286
COG,"Congo, Rep.",2024,33.8373029,61.4802566,29.745211,36.7010169,36.6808587,19.0396064
CRI,Costa Rica,2024,74.5525589,85.9764519,56.9189193,64.0390444,67.5792602,61.6036307
CIV,Cote d'Ivoire,2024,46.0558972,51.4803735,45.2016572,52.2296396,47.0144438,42.0850347
HRV,Croatia,2024,68.2024792,75.8257878,65.1411148,59.3714688,63.4614669,50.8643651
CUB,Cuba,2024,34.6460842,71.2840926,46.0999593,32.1969231,46.2326046,43.2746338
CYP,Cyprus,2024,72.3797719,72.4855218,68.2497236,66.527046,68.8261756,58.6330074
CZE,Czechia,2024,78.8095441,82.4960109,74.2324658,74.2917232,77.4132754,66.70103
DNK,Denmark,2024,90.0154146,79.0280276,88.5349172,85.3127667,91.4603795,94.1568337
DJI,Djibouti,2024,35.0586389,56.3908861,41.7537153,41.412989,39.5750381,29.8234701
DMA,Dominica,2024,63.4970873,86.9758947,54.238458,55.8063108,63.8053127,58.6428812
DOM,Dominican Republic,2024,60.3698685,75.9612671,52.7919493,58.132649,53.8278428,42.4808681
ECU,Ecuador,2024,55.0090172,53.5770067,47.0703248,44.6676535,40.3557466,32.1538699
EGY,"Egypt, Arab Rep.",2024,28.8341534,49.1898949,49.4532828,46.9854499,44.0301801,31.1152849
SLV,El Salvador,2024,43.0499183,65.9991479,47.7787327,52.083202,44.6872968,36.1837975
GNQ,Equatorial Guinea,2024,26.6499881,63.4869552,28.3476973,32.7978063,30.4540727,18.0370999
ERI,Eritrea,2024,16.7723692,53.7901219,23.0265068,22.7621975,25.940194,14.7976467
EST,Estonia,2024,81.6064996,77.8442761,76.5591936,76.9065617,82.5475225,81.6444462
SWZ,Eswatini,2024,33.266216,53.3772886,36.1519495,44.8006019,42.1656207,31.9619862
ETH,Ethiopia,2024,35.1042066,33.6960224,38.7798166,41.7214465,38.9119872,38.9918024
FJI,Fiji,2024,62.6535898,77.8248628,63.1811265,55.8892306,62.2273751,59.2444859
FIN,Finland,2024,89.2911196,80.1160128,86.6733953,85.8302775,91.7521973,92.226018
FRA,France,2024,76.9537832,61.771486,74.6869309,72.9392482,73.8081373,72.5135486
PYF,French Polynesia,2024,72.1911564,83.4942443,,,74.4713483,43.6337247
GAB,Gabon,2024,38.982056300000004,61.1647202,40.3127112,43.4528346,37.0742145,28.8930255
GMB,"Gambia, The",2024,53.6637356,65.5861507,40.9219001,44.390045,50.1803647,41.0895318
GEO,Georgia,2024,52.4116933,55.4274855,60.2121471,65.1148903,59.5285321,55.5685949
DEU,Germany,2024,84.8208684,68.0170742,81.406755,78.4893499,84.9456033,83.7515919
GHA,Ghana,2024,60.4252814,66.090157,52.4989455,53.4456524,57.8935634,43.9385075
GRC,Greece,2024,70.5336147,68.2759168,55.0595965,62.4275979,62.0986924,53.9208369
GRL,Greenland,2024,81.4348929,87.084438,77.6453074,78.5750077,84.0628905,77.8679831
GRD,Grenada,2024,63.4781058,86.37974,51.7321666,55.6495397,66.2736735,57.5505326
GUM,Guam,2024,77.4286239,82.8521298,76.0226009,61.0412254,74.772169,71.6636167
GTM,Guatemala,2024,48.6097484,62.3112389,33.6586778,49.9827169,40.4032981,28.6604826
GIN,Guinea,2024,35.6814842,48.1677456,34.0710252,40.7989887,37.2080174,24.0821006
GNB,Guinea-Bissau,2024,43.2178109,55.3304569,24.7485606,36.0897781,35.7124503,20.6093313
GUY,Guyana,2024,54.9687965,69.5925307,49.4302941,47.8053366,51.212513,40.8333306
HTI,Haiti,2024,34.7109239,45.3741882,12.147424000000001,31.7826473,29.3691461,16.6757919
HND,Honduras,2024,45.4105717,56.2064218,39.2915482,44.9578114,36.7110928,22.6603858
HKG,"Hong Kong SAR, China",2024,51.2373358,76.6745657,83.1791513,82.3038683,72.8154308,79.6777038
HUN,Hungary,2024,56.3639304,73.3475875,61.0995877,60.146918,60.2749551,48.6530989
ISL,Iceland,2024,81.7864479,86.4880288,83.3448105,75.8432588,84.9818181,84.8729102
IND,India,2024,55.4677802,52.4723123,59.2076282,53.3476378,56.2895569,41.8767696
IDN,Indonesia,2024,53.7787497,55.4895207,54.8365911,56.8298066,53.4090118,36.8309801
IRN,"Iran, Islamic Rep.",2024,29.7481474,38.8851649,37.6106029,31.0266001,35.7129133,24.6329658
IRQ,Iraq,2024,38.9686214,30.6332522,29.9154103,38.6096174,33.5897975,23.4634646
IRL,Ireland,2024,85.5124618,78.0218154,82.6755532,83.1635984,84.3524795,79.686442
ISR,Israel,2024,62.0152058,48.1722073,74.1410108,72.4302177,67.2862738,65.1273135
ITA,Italy,2024,75.530479,71.1675431,66.7457636,64.9588526,67.6216519,59.0516772
JAM,Jamaica,2024,65.3416046,74.0392932,54.6705042,56.2960749,55.6279602,45.9061284
JPN,Japan,2024,76.3842312,85.270442,91.9378443,75.8330279,82.9799844,75.322857
JOR,Jordan,2024,44.3570076,59.9129515,55.5444973,59.215868,59.8652904,53.3644396
KAZ,Kazakhstan,2024,42.5722351,61.0644717,54.1941626,55.6049145,50.3980061,46.4968168
KEN,Kenya,2024,50.649359,42.7371819,45.5482916,49.6019443,48.969788,31.6245639
KIR,Kiribati,2024,73.877803,87.0442125,42.8957403,46.9544291,70.4924953,55.436614
PRK,"Korea, Dem. People's Rep.",2024,22.06435,71.3957857,26.6210975,25.3046262,30.7069238,16.3310097
KOR,"Korea, Rep.",2024,70.987799,76.8155059,80.2483639,70.8498709,76.19689,65.0511972
XKX,Kosovo,2024,59.6424284,60.3959884,50.148657300000004,51.3465962,57.8620111,42.6987358
KWT,Kuwait,2024,44.2764629,70.9153025,57.7161007,61.2267699,60.9374037,52.2744755
KGZ,Kyrgyz Republic,2024,42.8239839,57.2762971,34.0644026,46.712967,40.8538794,24.8510339
LAO,Lao PDR,2024,31.0998769,75.4201168,40.025976,44.8317236,44.1871968,28.0202267
LVA,Latvia,2024,76.5911683,76.4873804,65.7908892,72.2084716,75.748188,64.5567977
LBN,Lebanon,2024,43.315368,42.1564246,29.3664046,39.7399015,38.2850305,21.457146
LSO,Lesotho,2024,54.1339418,61.4725426,38.7584729,47.215987,49.9670708,41.7332409
LBR,Liberia,2024,54.893058,61.9904106,27.1075325,41.5860693,42.0257511,26.6541519
LBY,Libya,2024,33.4659211,33.4995362,23.7399254,27.4345991,27.7407193,16.8529802
LIE,Liechtenstein,2024,80.0862806,92.9235285,84.262401,79.0872808,86.696949,83.3795282
LTU,Lithuania,2024,78.248591,81.941602,74.7023169,75.2330168,80.616275,67.9504044
LUX,Luxembourg,2024,85.9966191,84.2238592,91.0007125,83.8609523,87.2859802,88.656893
MAC,"Macao SAR, China",2024,57.9626882,83.8962136,73.0385835,76.4915715,71.6299128,59.4610076
MDG,Madagascar,2024,44.153487,57.6856867,34.5565404,43.0564862,41.7727107,27.4125678
MWI,Malawi,2024,54.933872,59.3998253,37.2287788,45.6372095,54.4467828,34.7249395
MYS,Malaysia,2024,54.6313327,72.4670498,69.1273333,65.5948635,62.9047385,57.9431536
MDV,Maldives,2024,49.6404035,64.9641925,47.0377697,51.1509754,57.7279913,41.054607
MLI,Mali,2024,35.478072,23.3447758,26.3132851,42.8404382,38.1301841,28.0007382
MLT,Malta,2024,72.9801616,79.6436621,63.4443032,62.6165553,69.4799896,53.2551393
MHL,Marshall Islands,2024,73.5538039,87.7113327,45.6833556,44.0188015,71.3481185,55.7638569
MRT,Mauritania,2024,40.6539238,56.3357484,36.9276512,42.590242,42.1030977,28.9543958
MUS,Mauritius,2024,63.3059881,79.394872,66.2220234,69.6879982,67.9557065,54.7467036
MEX,Mexico,2024,50.9282349,53.6732923,47.0640988,51.7749322,37.1058908,28.8100291
FSM,"Micronesia, Fed. Sts.",2024,72.6574017,91.5077064,47.7476106,42.8249128,73.7785486,62.1861902
MDA,Moldova,2024,61.8150333,60.0013863,56.349995,54.1256767,54.1880698,41.9527948
MCO,Monaco,2024,71.4953397,87.0535015,85.1156279,72.2449856,80.1193607,84.2952795
MNG,Mongolia,2024,59.0704348,73.0751923,43.7724984,53.7469717,55.2475985,38.0182939
MNE,Montenegro,2024,63.6919617,71.56303,58.4666107,56.8707823,60.0864445,46.651784
MAR,Morocco,2024,44.1300931,58.3648187,54.7695462,54.4419236,50.6345517,37.3557196
MOZ,Mozambique,2024,39.2482884,35.8615679,37.4225793,42.8211624,36.3987667,26.3621556
MMR,Myanmar,2024,19.6638013,30.1870415,21.0407163,32.4717779,25.7857658,22.4981317
NAM,Namibia,2024,62.7395218,75.2334628,53.2721077,56.9904385,62.6073548,50.4157905
NRU,Nauru,2024,67.3347058,84.764526,51.5354476,46.590308,61.2985462,58.0754604
NPL,Nepal,2024,55.8031944,58.8121329,34.1416692,46.1517079,51.7386218,35.0499922
NLD,Netherlands,2024,85.7924631,73.2073612,85.406351,82.0184513,86.3420351,86.5164277
NCL,New Caledonia,2024,69.6423249,84.6434944,,,75.6405884,50.4128534
NZL,New Zealand,2024,86.4150424,85.5494444,87.2960648,83.9530858,85.6627596,86.8914608
NIC,Nicaragua,2024,26.8188713,64.7084946,30.8663765,39.2327668,29.0885119,18.8549307
NER,Niger,2024,39.8600354,35.7723336,36.3750735,42.8377492,40.6881335,35.3675455
NGA,Nigeria,2024,44.1328988,31.6874346,31.7683438,44.8748237,39.6344736,25.2937973
MKD,North Macedonia,2024,58.1398502,68.5558552,50.7116064,59.0627717,53.0935121,41.1908811
NOR,Norway,2024,90.6189722,81.3235982,87.1769157,81.2082198,90.5162003,87.5486488
OMN,Oman,2024,41.3125372,76.6085897,62.3751465,65.7058833,64.6984828,58.1223297
PAK,Pakistan,2024,36.4355649,30.6476878,39.6677025,42.3591418,39.4597729,26.2849685
PLW,Palau,2024,74.9986519,87.0535015,51.5354476,62.4516257,77.1190412,58.0754604
PAN,Panama,2024,64.5696958,70.4155683,56.1071256,53.6988437,52.4309378,36.6386167
PNG,Papua New Guinea,2024,51.1357339,54.7251618,33.8321749,45.3936104,47.1316693,31.7152136
PRY,Paraguay,2024,54.2277463,64.6331579,44.447377,52.6360518,46.9208038,27.1095641
PER,Peru,2024,57.6469083,54.7158131,47.443648,56.1688958,48.2599686,33.2730365
PHL,Philippines,2024,50.6282195,52.6707116,54.1505555,56.113404,47.0863157,36.1832247
POL,Poland,2024,70.0140428,74.4122187,64.4341341,65.6793889,66.8937579,63.9280835
PRT,Portugal,2024,78.9923138,75.0659657,69.76339,66.5361271,75.4172468,64.5372586
PRI,Puerto Rico (US),2024,63.4689503,73.3804149,46.3781293,65.158503,66.3623912,55.9048574
QAT,Qatar,2024,40.1452752,82.1419879,73.395251,70.1032913,67.1120206,63.1337308
ROU,Romania,2024,63.6290088,68.6083999,59.4705016,60.9104172,63.3515938,48.3805649
RUS,Russian Federation,2024,31.9576301,50.464845,45.088178,38.0144371,37.0602119,29.8168147
RWA,Rwanda,2024,46.5418013,65.1481169,58.1246449,59.1148394,58.6905257,60.5157778
WSM,Samoa,2024,72.3894981,87.0491406,59.7887088,53.2582407,75.0869803,61.7833047
SMR,San Marino,2024,78.6551686,89.3424803,68.793847,68.5104015,76.8913264,71.6636167
STP,Sao Tome and Principe,2024,59.7319658,74.2475128,37.3665708,40.8123471,50.8864648,51.5825975
SAU,Saudi Arabia,2024,29.7683225,65.0715555,66.5710105,66.0645617,60.5850662,63.0932113
SEN,Senegal,2024,57.1306812,61.990291,55.8984038,51.0517148,53.4421286,50.1429568
SRB,Serbia,2024,48.6955579,63.0137693,53.3227691,56.0984827,53.5212307,36.502794
SYC,Seychelles,2024,67.9522093,81.5487286,63.5273525,61.008506,67.2377568,72.7680211
SLE,Sierra Leone,2024,47.8715162,58.2050494,32.5361337,38.1620198,42.5322345,33.6395176
SGP,Singapore,2024,57.5195777,86.9368376,95.6655857,88.4893485,81.596249,87.6926389
SVK,Slovak Republic,2024,73.1297729,76.7304703,64.126485,61.245571,66.6189425,50.0979964
SVN,Slovenia,2024,75.3519851,78.2087684,72.521532,67.4509563,73.8081992,61.5046962
SLB,Solomon Islands,2024,62.5678714,78.7040835,34.4510294,40.8504209,59.6040836,45.0189156
SOM,"Somalia, Fed. Rep.",2024,29.2625304,27.2373976,13.4236225,27.6160004,19.0073717,11.7011473
ZAF,South Africa,2024,67.4781439,55.3527432,46.9478119,53.9146724,57.2693915,43.9726469
SSD,South Sudan,2024,23.7406403,40.4488488,9.0916193,24.4315487,23.0160749,6.061704
ESP,Spain,2024,76.9498381,65.8432851,72.9391098,64.6542875,73.0011894,62.3193026
LKA,Sri Lanka,2024,54.6434795,59.9106677,46.002677,50.1437699,52.5287187,40.066474
KNA,St. Kitts and Nevis,2024,64.8982368,81.4750915,64.7837862,62.4326905,67.1267598,54.9008834
LCA,St. Lucia,2024,67.5477408,83.6293392,56.5559402,57.7308058,65.6263169,56.9490008
VCT,St. Vincent and the Grenadines,2024,65.6504027,83.6293392,56.5559402,56.5377262,65.6008313,62.1255222
SDN,Sudan,2024,23.8826223,31.3154588,16.4591471,28.6395041,26.4447602,16.3300138
SUR,Suriname,2024,57.8190313,74.0632877,42.5072216,40.3728954,53.3749759,40.2263093
SWE,Sweden,2024,87.0899418,76.2033355,85.8476797,81.2293598,86.6824542,87.6821741
CHE,Switzerland,2024,85.5924866,82.6457687,87.1231822,82.7948642,87.3183948,88.484008
SYR,Syrian Arab Republic,2024,24.517035,25.4439405,18.8174812,23.3597703,25.7521361,13.4112838
TJK,Tajikistan,2024,28.099924,61.1858126,39.6559136,42.8953543,36.5918157,23.2055692
TZA,Tanzania,2024,45.5602425,59.2394684,45.6540613,46.4192385,48.0250787,41.9016869
THA,Thailand,2024,47.050639,54.2220045,56.27225,56.5410603,53.2556386,37.1805433
TLS,Timor-Leste,2024,62.8971107,74.8794996,33.8688152,43.2827099,46.1963829,40.213296
TGO,Togo,2024,39.8403293,52.0677499,35.7568956,48.4262622,46.0727275,34.4270752
TON,Tonga,2024,71.2141377,87.3280609,50.6156521,51.7954824,68.9135234,39.7740182
TTO,Trinidad and Tobago,2024,63.9605409,72.0440017,53.5044657,51.604828,50.5703661,40.9763694
TUN,Tunisia,2024,44.8825934,50.0970303,46.6866126,48.7100878,50.6915088,43.3985605
TUR,Turkiye,2024,37.6897898,49.3131044,49.9654888,51.5312748,42.4489468,36.4544855
TKM,Turkmenistan,2024,21.0915091,70.0894499,30.7465703,28.2317608,32.6429799,21.5970433
TUV,Tuvalu,2024,77.6524458,90.9832569,37.9049407,48.5193751,77.985113,59.5688808
UGA,Uganda,2024,39.1204397,48.4331578,44.5324232,46.5941247,44.2541878,25.2618885
UKR,Ukraine,2024,54.9063143,58.5097612,39.6965613,50.1179221,44.5695791,34.2448063
ARE,United Arab Emirates,2024,41.9065122,79.3661459,75.8392807,72.6169592,65.5157588,71.5418396
GBR,United Kingdom,2024,79.6131796,70.2964669,74.3798903,78.6971573,78.8208235,78.4145814
USA,United States,2024,72.3731718,64.2697196,77.7839316,76.1934585,73.5177858,69.8551773
URY,Uruguay,2024,78.3389459,87.7236127,64.7661835,65.0645101,73.3245819,78.7823863
UZB,Uzbekistan,2024,38.6431924,65.4377423,48.5484689,46.555286,45.670923,32.586308
VUT,Vanuatu,2024,65.3625463,82.2964193,35.457586,49.7409994,64.2200786,44.8063653
VEN,"Venezuela, RB",2024,25.0393635,36.1651626,22.83069,24.8486239,19.0276028,15.7286763
VNM,Viet Nam,2024,37.6260947,65.9913074,49.5458577,50.6548775,51.5616803,42.7600555
VIR,Virgin Islands (U.S.),2024,,82.483526,58.62793,72.2449856,66.9350825,46.4002971
PSE,West Bank and Gaza,2024,33.291311,33.8433017,29.9794589,47.4876908,39.9364904,36.3001054
YEM,"Yemen, Rep.",2024,27.1443354,18.9103565,14.9257528,29.8788444,24.237016,14.7421343
ZMB,Zambia,2024,49.7157692,64.1728259,40.9757367,48.2283671,47.3064578,38.6078994
ZWE,Zimbabwe,2024,34.8037239,48.5183369,32.136983,36.282894400000004,36.1235607,22.5194258
